<?xml version="1.0" encoding="UTF-8"?>
<site>
   <feature url="features/org.eclipse.papyrus.moka.feature_1.2.0.qualifier.jar" id="org.eclipse.papyrus.moka.feature" version="1.2.0.qualifier">
      <category name="org.eclipse.papyrus.category"/>
   </feature>
   <feature url="features/org.eclipse.papyrus.moka.feature.source_1.2.0.qualifier.jar" id="org.eclipse.papyrus.moka.feature.source" version="1.2.0.qualifier">
      <category name="org.eclipse.papyrus.category"/>
   </feature>
   <category-def name="org.eclipse.papyrus.category" label="Papyrus Moka Category">
      <description>
         Papyrus Moka Category
      </description>
   </category-def>
</site>
